{"soc": 0.6061794825508413, "vrc": 0.00048455129368261333}